r_A,g_r,pmf_kcal_mol
0.007880438856448868,0.0,0.0
0.023641316569346607,0.0,0.0
0.03940219428224434,0.0,0.0
0.05516307199514208,0.0,0.0
0.07092394970803981,0.0,0.0
0.08668482742093755,0.0,0.0
0.1024457051338353,0.0,0.0
0.11820658284673302,0.0,0.0
0.13396746055963077,0.0,0.0
0.14972833827252852,0.0,0.0
0.16548921598542624,0.0,0.0
0.18125009369832398,0.0,0.0
0.1970109714112217,0.0,0.0
0.21277184912411945,0.0,0.0
0.2285327268370172,0.0,0.0
0.24429360454991492,0.0,0.0
0.2600544822628127,0.0,0.0
0.2758153599757104,0.0,0.0
0.29157623768860813,0.0,0.0
0.3073371154015059,0.0,0.0
0.32309799311440357,0.0,0.0
0.3388588708273014,0.0,0.0
0.35461974854019906,0.0,0.0
0.37038062625309687,0.0,0.0
0.38614150396599456,0.0,0.0
0.40190238167889225,0.0,0.0
0.41766325939179005,0.0,0.0
0.43342413710468775,0.0,0.0
0.44918501481758555,0.0,0.0
0.46494589253048324,0.0,0.0
0.48070677024338093,0.0,0.0
0.49646764795627873,0.0,0.0
0.5122285256691764,0.0,0.0
0.5279894033820742,0.0,0.0
0.5437502810949719,0.0,0.0
0.5595111588078696,0.0,0.0
0.5752720365207674,0.0,0.0
0.5910329142336651,0.0,0.0
0.6067937919465629,0.0,0.0
0.6225546696594606,0.0,0.0
0.6383155473723583,0.0,0.0
0.6540764250852561,0.0,0.0
0.6698373027981538,0.0,0.0
0.6855981805110516,0.0,0.0
0.7013590582239493,0.0,0.0
0.717119935936847,0.0,0.0
0.7328808136497448,0.0,0.0
0.7486416913626426,0.0,0.0
0.7644025690755403,0.0,0.0
0.780163446788438,0.0,0.0
0.7959243245013357,0.0,0.0
0.8116852022142335,0.0,0.0
0.8274460799271313,0.0,0.0
0.843206957640029,0.0,0.0
0.8589678353529266,0.0,0.0
0.8747287130658243,0.0,0.0
0.8904895907787221,0.0,0.0
0.9062504684916199,0.0,0.0
0.9220113462045176,0.0,0.0
0.9377722239174153,0.0,0.0
0.953533101630313,0.0,0.0
0.9692939793432108,0.0,0.0
0.9850548570561086,0.0,0.0
1.0008157347690063,0.0,0.0
1.016576612481904,0.0,0.0
1.0323374901948017,0.0,0.0
1.0480983679076994,0.0,0.0
1.0638592456205973,0.0,0.0
1.079620123333495,0.0,0.0
1.0953810010463927,0.0,0.0
1.1111418787592904,0.0,0.0
1.1269027564721883,0.0,0.0
1.142663634185086,0.0,0.0
1.1584245118979837,0.0,0.0
1.1741853896108814,0.0,0.0
1.189946267323779,0.0,0.0
1.2057071450366768,0.0,0.0
1.2214680227495747,0.0,0.0
1.2372289004624724,0.0,0.0
1.25298977817537,0.0,0.0
1.2687506558882677,0.0,0.0
1.2845115336011657,0.0,0.0
1.3002724113140633,0.0,0.0
1.316033289026961,0.0,0.0
1.3317941667398587,0.0,0.0
1.3475550444527564,0.0,0.0
1.3633159221656541,0.0,0.0
1.379076799878552,0.0,0.0
1.3948376775914497,0.0,0.0
1.4105985553043474,0.0,0.0
1.426359433017245,0.0,0.0
1.442120310730143,0.0,0.0
1.4578811884430407,0.0,0.0
1.4736420661559384,0.0,0.0
1.489402943868836,0.0,0.0
1.5051638215817338,0.0,0.0
1.5209246992946317,0.0,0.0
1.5366855770075294,0.0,0.0
1.552446454720427,0.0,0.0
1.5682073324333248,0.0,0.0
1.5839682101462227,0.0,0.0
1.5997290878591204,0.0,0.0
1.615489965572018,0.0,0.0
1.6312508432849158,0.0,0.0
1.6470117209978135,0.0,0.0
1.6627725987107111,0.0,0.0
1.678533476423609,0.0,0.0
1.6942943541365068,0.0,0.0
1.7100552318494044,0.0,0.0
1.7258161095623021,0.0,0.0
1.7415769872752,0.0,0.0
1.7573378649880977,0.0,0.0
1.7730987427009954,0.0,0.0
1.7888596204138931,0.0,0.0
1.8046204981267908,0.0,0.0
1.8203813758396885,0.0,0.0
1.8361422535525864,0.0,0.0
1.8519031312654841,0.0,0.0
1.8676640089783818,0.0,0.0
1.8834248866912795,0.0,0.0
1.8991857644041774,0.0,0.0
1.914946642117075,0.0,0.0
1.9307075198299728,0.0,0.0
1.9464683975428705,0.0,0.0
1.9622292752557682,0.0,0.0
1.9779901529686659,0.0,0.0
1.9937510306815638,0.0,0.0
2.0095119083944617,0.0,0.0
2.025272786107359,0.0,0.0
2.041033663820257,0.0,0.0
2.0567945415331543,0.0,0.0
2.0725554192460525,0.0,0.0
2.08831629695895,0.0,0.0
2.104077174671848,0.0,0.0
2.119838052384746,0.0,0.0
2.1355989300976432,0.0,0.0
2.1513598078105414,0.0,0.0
2.1671206855234386,0.0,0.0
2.1828815632363368,0.0,0.0
2.198642440949234,0.0,0.0
2.214403318662132,0.0,0.0
2.2301641963750294,0.0,0.0
2.2459250740879275,0.0,0.0
2.2616859518008257,0.0,0.0
2.277446829513723,0.0,0.0
2.293207707226621,0.0,0.0
2.3089685849395183,0.0,0.0
2.3247294626524164,0.0,0.0
2.3404903403653137,0.0,0.0
2.356251218078212,0.0,0.0
2.372012095791109,0.0,0.0
2.387772973504007,0.0,0.0
2.403533851216905,0.0,0.0
2.4192947289298026,0.0,0.0
2.4350556066427007,0.0,0.0
2.450816484355598,0.0,0.0
2.466577362068496,0.0,0.0
2.4823382397813933,0.0,0.0
2.4980991174942915,0.0,0.0
2.5138599952071887,0.0,0.0
2.529620872920087,0.0,0.0
2.545381750632984,0.0,0.0
2.5611426283458822,0.0,0.0
2.5769035060587804,0.0,0.0
2.5926643837716776,0.0,0.0
2.6084252614845758,0.0,0.0
2.624186139197473,0.0,0.0
2.639947016910371,0.0,0.0
2.6557078946232684,0.0,0.0
2.6714687723361665,0.0,0.0
2.687229650049064,0.0,0.0
2.702990527761962,0.0,0.0
2.7187514054748596,0.0,0.0
2.7345122831877573,0.0,0.0
2.7502731609006554,0.0,0.0
2.7660340386135527,0.0,0.0
2.781794916326451,0.0,0.0
2.797555794039348,0.0,0.0
2.813316671752246,0.0,0.0
2.8290775494651434,0.0,0.0
2.8448384271780416,0.0,0.0
2.860599304890939,0.0,0.0
2.876360182603837,0.0,0.0
2.892121060316735,0.0,0.0
2.9078819380296324,0.0,0.0
2.9236428157425305,0.0,0.0
2.9394036934554277,0.0,0.0
2.955164571168326,0.0,0.0
2.970925448881223,0.0,0.0
2.9866863265941213,0.0,0.0
3.0024472043070185,0.0,0.0
3.0182080820199166,0.0,0.0
3.0339689597328148,0.0,0.0
3.049729837445712,0.0,0.0
3.06549071515861,0.0,0.0
3.0812515928715074,0.0,0.0
3.0970124705844055,0.0,0.0
3.112773348297303,0.0,0.0
3.128534226010201,0.0,0.0
3.144295103723098,0.0,0.0
3.1600559814359963,0.0,0.0
3.175816859148894,0.0,0.0
3.1915777368617917,0.0,0.0
3.20733861457469,0.0,0.0
3.223099492287587,0.0,0.0
3.238860370000485,0.0,0.0
3.2546212477133825,0.0,0.0
3.2703821254262806,0.0,0.0
3.286143003139178,0.0,0.0
3.301903880852076,0.0,0.0
3.3176647585649732,0.0,0.0
3.3334256362778714,0.0,0.0
3.3491865139907695,0.0,0.0
3.3649473917036667,0.0,0.0
3.380708269416565,0.0,0.0
3.396469147129462,0.0506658277504204,1.7780530173372833
3.4122300248423603,0.0,0.0
3.4279909025552575,0.049738328116857425,1.7890676022744505
3.4437517802681556,0.0,0.0
3.459512657981053,0.0,0.0
3.475273535693951,0.0,0.0
3.4910344134068487,0.0,0.0
3.5067952911197464,0.0,0.0
3.5225561688326446,0.0,0.0
3.538317046545542,0.0,0.0
3.55407792425844,0.0,0.0
3.569838801971337,0.04586415035064261,1.837411539486299
3.5855996796842353,0.0,0.0
3.6013605573971326,0.04506479176705585,1.8478935458101187
3.6171214351100307,0.04467292649256297,1.8531001941070167
3.632882312822928,0.0,0.0
3.648643190535826,0.08780875110265965,1.4502182981598655
3.6644040682487242,0.0,0.0
3.6801649459616215,0.0,0.0
3.6959258236745196,0.04278820997639815,1.8787977537466847
3.711686701387417,0.08485120041370486,1.470643990608749
3.727447579100315,0.04206758039784016,1.888923680155915
3.7432084568132122,0.0,0.0
3.7589693345261104,0.08273000741901498,1.4857368591131912
3.7747302122390076,0.0,0.0
3.7904910899519058,0.12203964571463419,1.2539710886950417
3.8062519676648034,0.04034368645525262,1.913868538100103
3.822012845377701,0.0800232830706024,1.5055680146804615
3.8377737230905993,0.07936735820838364,1.5104746914705516
3.8535346008034965,0.07871946501933565,1.5153612589295367
3.8692954785163947,0.039039736454178124,1.9334553569488646
3.885056356229292,0.11617088088590477,1.2833521429116403
3.90081723394219,0.1920567067355305,0.9836449271690055
3.9165781116550873,0.19051409091198596,0.9884526790238147
3.9323389893679854,0.3779799726917852,0.5800136469045957
3.9480998670808827,0.2999745568636062,0.7178124707626174
3.963860744793781,0.0371992273698262,1.9622451866488164
3.979621622506679,0.1845258193438648,1.007492139496759
3.995382500219576,0.21968744120764397,0.9035118329389816
4.011143377932473,0.1816370094337582,1.0168990594061196
4.026904255645372,0.32439235957814994,0.6711592126334373
4.04266513335827,0.35763102023114196,0.6130048676347707
4.058426011071168,0.28388696054239354,0.7506737886566571
4.074186888784065,0.3873303419923298,0.5654454254986834
4.089947766496962,0.41929188280524843,0.5181761775901038
4.1057086442098605,0.3814056894709134,0.5746348427356319
4.121469521922759,0.27526851625483983,0.7690528960646584
4.137230399635656,0.4439097482292868,0.4841628085176
4.152991277348553,0.47443502802360504,0.4445160541608547
4.168752155061451,0.47085440336297635,0.4490324271154279
4.184513032774349,0.567452910310513,0.3377834687721171
4.2002739104872475,0.596331896465888,0.3081902537355508
4.216034788200145,0.5589993636541639,0.34673151122624074
4.231795665913042,0.6527567691447949,0.25429299072151124
4.24755654362594,0.8099019450110646,0.12569588220532105
4.263317421338838,0.6109828754473093,0.2937204988072693
4.2790782990517355,0.47880819048934026,0.43904603737079745
4.294839176764633,0.7287940293505004,0.18860402619125238
4.310600054477531,0.6920189804077167,0.21947192517963318
4.326360932190429,0.9055726356108921,0.05913191420210698
4.342121809903326,0.7440087259712906,0.17628637551064144
4.357882687616224,1.0156256621970592,-0.009243383618036867
4.373643565329122,1.466645868196103,-0.2283166780970319
4.38940444304202,0.6673939813412622,0.24107253687900249
4.405165320754918,0.72286571107137,0.19347328455311827
4.420926198467815,1.2560113670789375,-0.13588965740986594
4.4366870761807125,1.1877176404895515,-0.10255971269971068
4.452447953893611,1.2088070090872665,-0.11305239716370323
4.468208831606509,1.141743376587478,-0.07902496975222982
4.483969709319406,1.2500112959121972,-0.1330349213416331
4.499730587032304,1.0392027856123778,-0.0229247045929674
4.515491464745201,1.2612856468209845,-0.13838783357433695
4.5312523424580995,1.1386606854915142,-0.07741316589211358
4.547013220170998,0.9894331232677255,0.006333081920147951
4.562774097883895,1.3195041503901928,-0.16528929132860107
4.578534975596792,1.5892514779218112,-0.2761795214383171
4.59429585330969,1.4122224221563175,-0.20577378196221432
4.610056731022588,1.3200778505576978,-0.16554843675600112
4.625817608735486,1.5842431313482694,-0.27429782009640846
4.641578486448383,1.6277612495474054,-0.29045309227089916
4.657339364161281,1.5359247594753591,-0.25583224774720714
4.673100241874179,1.5255818710189228,-0.25180413132828966
4.688861119587077,1.5685130385884747,-0.2683488987355457
4.7046219972999745,1.9013141920606773,-0.3830606125370399
4.720382875012872,2.0460253788179505,-0.42679127106115117
4.73614375272577,1.9282033669613512,-0.3914327099546708
4.751904630438668,1.941318096349705,-0.39547379008018807
4.767665508151565,2.134211272827529,-0.4519481301060543
4.783426385864463,2.1968031272302455,-0.4691807835460352
4.799187263577361,1.6241100745001256,-0.2891143616109709
4.814948141290259,1.7899710310301045,-0.34708473183508215
4.830709019003157,1.6280303030620702,-0.2905516239317943
4.846469896716054,1.7916465765986538,-0.34764252191172823
4.8622307744289515,1.483375166035605,-0.23507830153978274
4.87799165214185,2.0633270517670836,-0.43181135524685693
4.893752529854748,1.586354492502793,-0.27509181037725905
4.909513407567645,1.3821935159651957,-0.19296054356868747
4.925274285280542,1.903431043056784,-0.38372398658486473
4.94103516299344,2.298297502262368,-0.4961066754780816
4.9567960407063385,1.6176245069949797,-0.28672894173002494
4.972556918419236,1.891042837045259,-0.37983127597100774
4.988317796132134,1.43282290542293,-0.2144073344497125
5.004078673845031,1.937317246619331,-0.39424389753740363
5.019839551557929,2.0643400918532855,-0.4321039831235445
5.035600429270827,1.9131388168317676,-0.38675676787693014
5.051361306983725,2.405156550445056,-0.5232000349925755
5.067122184696622,2.6406215010945626,-0.5788810833304567
5.08288306240952,2.013449267940227,-0.4172230225041753
5.098643940122418,2.7654554474849564,-0.6064183867825885
5.114404817835315,2.212156862477756,-0.47333293675803423
5.1301656955482136,2.509496456030773,-0.5485172871026676
5.145926573261111,2.60450842847699,-0.5706717332167677
5.161687450974009,2.303439572307125,-0.49743900021930126
5.177448328686907,2.660107686603737,-0.58326423902106
5.193209206399804,2.080513472524857,-0.43675649559516233
5.208970084112702,2.0248602984932607,-0.4205921709084989
5.2247309618256,1.7985493625377533,-0.34993497530228906
5.240491839538498,1.787747296833256,-0.3463436425914827
5.256252717251395,1.5443343409002803,-0.2590874796605676
5.272013594964293,1.4930565313927915,-0.23895655282909453
5.2877744726771905,1.5050731096425096,-0.24373543652548227
5.303535350390089,1.5169206867448841,-0.24840990166365104
5.319296228102987,1.4046609570586508,-0.2025731786330906
5.335057105815884,1.334769165173954,-0.17214654319552133
5.350817983528781,1.2452611365835784,-0.13076513772041384
5.366578861241679,1.400312664770433,-0.20072482944697603
5.3823397389545775,1.5333536683632571,-0.2548334558588872
5.398100616667475,1.4040644726801665,-0.2023199670786013
5.413861494380372,0.9970723787162156,0.0017478941418201557
5.42962237209327,1.3679833260020948,-0.18679974722271644
5.445383249806168,1.4389209114637085,-0.21693917606072613
5.461144127519066,1.4110298060096145,-0.20527011350203642
5.476905005231964,1.3054954296312447,-0.1589262156571372
5.492665882944861,1.2980141009974113,-0.15550000169166603
5.508426760657759,1.3291221783351925,-0.16961902294176362
5.524187638370657,1.3981603808569583,-0.1998078233102483
5.539948516083554,1.333084132125197,-0.1713934646738984
5.555709393796452,1.2497866239120872,-0.1329277600905331
5.57147027150935,1.299213233249257,-0.15605049351774689
5.587231149222248,1.179555155274044,-0.09844850378497264
5.602992026935146,1.0426030741305383,-0.024872169558058845
5.618752904648043,1.1293302272861574,-0.07250795327393855
5.634513782360941,1.0125600409497373,-0.007441175938037797
5.650274660073839,1.2449181013548825,-0.1306008890574657
5.666035537786737,1.256207817923564,-0.13598289479783354
5.681796415499634,1.231143188780927,-0.12396764974503084
5.697557293212531,0.846235905482708,0.09953335614934207
5.7133181709254295,1.3071247365681857,-0.15966978318069994
5.729079048638328,1.2643278807588778,-0.1398240491977751
5.744839926351225,1.3282395149322466,-0.16922298372688258
5.760600804064123,1.0920112853899158,-0.05247483393776579
5.77636168177702,0.8933721699018607,0.06721838371485614
5.792122559489918,0.8885168983530856,0.07046721875576019
5.8078834372028165,1.0396483534440857,-0.02318025946717313
5.823644314915714,0.8961581601569361,0.06536214167057798
5.839405192628611,1.2855679768176314,-0.1497560741712386
5.855166070341509,1.1081688260253322,-0.06123109204253181
5.870926948054407,1.051354904777963,-0.02985558618578172
5.8866878257673045,0.8770661350391742,0.07820018483852066
5.902448703480203,1.1911457820638585,-0.1042779504874951
5.9182095811931,0.9678728884918836,0.019467355153421958
5.933970458905998,0.9959361686720564,0.0024276347798979385
5.949731336618896,1.1227555677879189,-0.06902711942916474
5.965492214331793,1.215374639794126,-0.11628266365931553
5.981253092044691,1.143627786727239,-0.08000810329252818
5.997013969757589,1.2513869555884498,-0.13369064663195498
6.012774847470487,1.180168442458224,-0.09875838588357728
6.028535725183384,0.981018459143897,0.011424835560475315
6.044296602896282,1.0878985569121282,-0.05022533523880134
6.06005748060918,0.9549239546289643,0.027497084421538295
6.075818358322078,1.029140854317099,-0.017124333183067563
6.091579236034976,0.8663111843678877,0.08555575369635571
6.107340113747873,0.8775155940340038,0.07789475588230481
6.12310099146077,0.9821294501620801,0.010750072503155716
6.1388618691736685,0.9460740777248416,0.03304784410225841
6.154622746886567,0.9875250724812263,0.007483846017664228
6.170383624599464,1.013189399280724,-0.007811605805949465
6.186144502312361,0.977486768764371,0.013574903002493909
6.201905380025259,0.9269378121594257,0.04523003755332499
6.217666257738157,1.0583133218698353,-0.033788293218504864
6.2334271354510555,0.9326290803135728,0.04158088244039111
6.249188013163953,0.9728305799185539,0.016421459789908333
6.26494889087685,1.0126162402459145,-0.007474263271573954
6.280709768589748,0.9630901649661826,0.02242057599878486
6.296470646302646,1.0762162287155006,-0.04378887554196863
6.3122315240155435,0.9094878332692543,0.05655999694443114
6.327992401728441,0.963347738988667,0.022261156744564272
6.343753279441339,0.9004719051251067,0.06249934593128621
6.359514157154237,1.228406472035033,-0.1226409637092043
6.375275034867135,0.9203503281643158,0.049481912636995244
6.3910359125800325,0.7870298836607197,0.14277409238500668
6.40679679029293,0.8685983234098847,0.08398390870013438
6.422557668005828,1.0768832422114272,-0.04415824779276196
6.438318545718726,0.9729157247419637,0.016369284393184774
6.454079423431623,0.9541383573791664,0.027987736451296156
6.4698403011445205,0.809863687300996,0.1257240440122402
6.485601178857419,0.7503507787504111,0.17122613575760373
6.501362056570317,0.9541385497907643,0.027987616229399187
6.517122934283214,0.8532001451553437,0.0946472259193961
6.532883811996112,0.849088345204316,0.09752723186141242
6.548644689709009,0.8177479331422952,0.11994831913569687
6.5644055674219075,0.8545171826535628,0.0937276746121878
6.580166445134806,0.9449206572359166,0.03377510647898277
6.595927322847703,0.8329348412948039,0.1089781903410704
6.6116882005606,0.802227573310264,0.13137184977602992
6.627449078273498,0.6387332185113963,0.26724024679411307
6.643209955986396,0.9800468309981575,0.012015582926997276
6.658970833699294,0.751331672483944,0.17044731477934857
6.674731711412192,0.8527403160279259,0.09496861146721308
6.690492589125089,0.7573260125396734,0.1657098425458152
6.706253466837987,0.7537704979001001,0.16851530715761104
6.722014344550885,0.8795916812229535,0.07648598217164086
6.737775222263783,0.8111078113936974,0.12480891540496301
6.75353609997668,0.7688823141528085,0.15668151982825965
6.769296977689578,0.7142857155512036,0.20059170138874344
6.785057855402476,0.9394976183305632,0.037206419485524236
6.800818733115373,0.8466881446910188,0.09921484512214471
6.816579610828271,0.7044109210040609,0.20889095943333744
6.832340488541169,0.7762895927874485,0.15096569474818572
6.848101366254067,1.0469115795006279,-0.027330699816932723
6.863862243966965,0.8560183053092085,0.09268132232683254
6.879623121679862,0.7409570506510206,0.17873665834170552
6.8953839993927595,0.7498665858653413,0.1716109560413194
6.911144877105658,0.7219765613636815,0.1942070347491335
6.926905754818556,0.8648700802082768,0.08654829057782279
6.942666632531453,0.6790573989409441,0.230743977812537
6.95842751024435,0.7846251519341456,0.14459842267403877
6.974188387957248,0.8772161038801697,0.07809825641794632
6.9899492656701465,0.8852272166398469,0.07267856697510236
7.005710143383045,0.6668908884806701,0.24152210275443345
7.021471021095942,0.7113218050741,0.20307060394216225
7.037231898808839,0.9087785918725433,0.05702507977170865
7.052992776521737,0.904721551340435,0.059692467825433554
7.068753654234635,0.7486267993130553,0.1725974306589639
7.084514531947533,0.803526103847241,0.1304076499216211
7.10027540966043,0.846337456167784,0.0994618194198075
7.116036287373328,0.7617960550023324,0.16220140334815822
7.131797165086226,0.8043983420311541,0.12976086002933113
7.147558042799124,0.8237363068220029,0.11559853377725832
7.163318920512022,1.0365348601355757,-0.02139222324795232
7.179079798224919,0.8165185017329917,0.12084528362544505
7.194840675937817,0.914563262610923,0.05324234645226762
7.210601553650715,0.7531871527969451,0.16897685662639825
7.226362431363612,0.8618314604652587,0.08864652134997687
7.24212330907651,0.8469404201775135,0.09903724199409224
7.257884186789408,0.7766924274084301,0.1506564131397779
7.273645064502306,0.651806821994592,0.2551612071357067
7.289405942215203,0.7809894657149723,0.14736725101788753
7.305166819928101,0.6790511900862256,0.23074942874406895
7.3209276976409985,0.7415625324783524,0.17824969706968952
7.336688575353897,0.7383798655609876,0.1808138313922983
7.352449453066795,0.7784657407055209,0.1492968329810011
7.368210330779692,0.8935629782791938,0.06709106789427549
7.383971208492589,0.8683126621420918,0.08418000415433192
7.399732086205487,0.8752920130734148,0.07940731603573904
7.4154929639183855,0.7333987110184024,0.184849197315612
7.431253841631283,0.8890500275038726,0.0701096165353445
7.447014719344181,0.8115166000176874,0.12450853297224483
7.462775597057078,0.7766083616632404,0.15072094248072035
7.478536474769976,0.8151405142123572,0.12185223780215211
7.494297352482874,0.9678147051022153,0.019503194284979573
7.510058230195772,0.8290380970045086,0.1117737739183293
7.525819107908669,0.8152497068843049,0.12177238398940188
7.541579985621567,0.8426753317755759,0.10204702187516546
7.557340863334465,0.8493978992801373,0.0973099276103645
7.5731017410473624,0.9579688411074814,0.02559917900268196
7.58886261876026,1.2889066148087545,-0.15130230628675753
7.604623496473158,1.0207915199753075,-0.01226800034199453
7.620384374186056,1.036703545138172,-0.021489234241571294
7.636145251898954,0.9422162873210934,0.035483770604396614
7.651906129611851,0.9583035161088246,0.025390941106092496
7.667667007324749,1.0935466478723468,-0.0533124449867943
7.683427885037647,0.9999595951431695,2.4088295791420068e-05
7.699188762750545,1.0648904648375317,-0.037481815440204486
7.714949640463442,1.0998233858275435,-0.05672450768200596
7.730710518176339,1.0073247888398296,-0.004350840013937477
7.7464713958892375,0.9934898813987391,0.0038937685573057776
7.762232273602136,0.8245495850192479,0.11501023174525389
7.777993151315034,1.1593571748128364,-0.08815179274059336
7.793754029027931,1.0584501673027242,-0.033865374991808216
7.809514906740828,0.8625127327152683,0.08817544588224878
7.825275784453726,0.8494969516514221,0.09724041043743988
7.8410366621666245,1.0076971249621292,-0.004571157581353957
7.856797539879522,0.9847213157672233,0.009178859568921052
7.87255841759242,0.8110316295761696,0.12486491138770939
